creator_name,video_link,item,rarity,type,class,slot,season,sunset,masterworked,masterwork_trait,craftable,crafted,pinnacle/ritual,element,intrinsic,exotic_catalyst,frame,perk_1,perk_2,perk_3,perk_4,origin_trait,Impact,Range,Stability,Handling,Reload Speed,Aim Assistance,Zoom,Aiborne Effectiveness,Recoil Direction,RPM,Magazine,Accuracy,Draw Time,Charge Time,Shield Duration,Blast Radius,Velocity,Swing Speed,Charge Rate,Guard Resistance,Guard Efficiency,Guard Endurance,Ammo Capacity,Mobility,Resilience,Recovery,Discipline,Intellect,Strength,total_stat_roll
Myelin,https://www.youtube.com/watch?v=bi2CkdMV9N0,Rat King,Exotic,Weapon,Sidearm,Kinetic,1,False,False,,False,,False,,Rat Pack,,,Smallbore,Tactical Mag,Vermin,Smooth Grip,,49,37,57,45,50,,,,,300,15,,,,,,,,,,,,,,,,,,,
Myelin,https://www.youtube.com/watch?v=bi2CkdMV9N0,The Huckleberry,Exotic,Weapon,Submachine Gun,Kinetic,3,False,False,,False,,False,,Ride the Bull,,,Fluted Barrel,Ricochet Rounds,Rampage,Short-Action Stock,,22,53,51,86,0,,,,,750,30,,,,,,,,,,,,,,,,,,,
Myelin,https://www.youtube.com/watch?v=bi2CkdMV9N0,The Last Word,Exotic,Weapon,Hand Cannon,Kinetic,5,False,False,,False,,False,,Fan Fire,,,Corkscrew Rifling,Accurized Rounds,Hip-Fire Grip,Textured Grip,,78,35,40,40,80,,,,,225,8,,,,,,,,,,,,,,,,,,,
Myelin,https://www.youtube.com/watch?v=bi2CkdMV9N0,Thorn,Exotic,Weapon,Hand Cannon,Kinetic,6,False,False,,False,,False,,Mark of the Devourer,,,Corkscrew Rifling,Accurized Rounds,Soul Devourer,Textured Grip,,84,49,55,85,40,,,,,140,9,,,,,,,,,,,,,,,,,,,
Myelin,https://www.youtube.com/watch?v=bi2CkdMV9N0,Outbreak Perfected,Exotic,Weapon,Pulse Rifle,Kinetic,6,False,False,,False,,False,,The Corruption Spreads,,,Extended Barrel,Accurized Rounds,Outlaw,Parasitism,,27,64,40,35,45,,,,,450,36,,,,,,,,,,,,,,,,,,,
Myelin,https://www.youtube.com/watch?v=bi2CkdMV9N0,Monte Carlo,Exotic,Weapon,Auto Rifle,Kinetic,8,False,False,,False,,False,,Monte Carlo Method,,,Fluted Barrel,High-Caliber Rounds,Markov Chain,Composite Stock,,21,50,65,80,79,,,,,600,43,,,,,,,,,,,,,,,,,,,
Myelin,https://www.youtube.com/watch?v=bi2CkdMV9N0,Bastion,Exotic,Weapon,Fusion Rifle,Kinetic,9,False,False,,False,,False,,Saint’s Fists,,,Hammer-Forged Rifling,Liquid Coils,Breakthrough,Composite Stock,,85,35,52,32,24,,,,,,4,,,780,,,,,,,,,,,,,,,,
Myelin,https://www.youtube.com/watch?v=bi2CkdMV9N0,The Jade Rabbit,Exotic,Weapon,Scout Rifle,Kinetic,2,False,False,,False,,False,,The Fate of All Fools,,,Polygonal Rifling,High-Caliber Rounds,Zen Moment,,,67,85,50,21,54,,,,,150,10,,,,,,,,,,,,,,,,,,,
Myelin,https://www.youtube.com/watch?v=bi2CkdMV9N0,Cryosthesia 77K,Exotic,Weapon,Sidearm,Kinetic,14,False,False,,False,,False,Stasis,LN2 Burst,,,Polygonal Rifling,Particle Repeater,Liquid Cooling,Polymer Grip,,51,72,61,47,46,,,,,260,13,,,533,,,,,,,,,,,,,,,,
Myelin,https://www.youtube.com/watch?v=bi2CkdMV9N0,Ager’s Scepter,Exotic,Weapon,Trace Rifle,Kinetic,15,False,False,,False,,False,Stasis,Ager’s Call,,,Arrowhead Brake,Particle Repeater,Rega’s Refrain,Hand-Laid Stock,,6,69,99,62,55,,,,,1000,97,,,,,,,,,,,,,,,,,,,
Myelin,https://www.youtube.com/watch?v=bi2CkdMV9N0,Horror Story,Legendary,Weapon,Auto Rifle,Kinetic,11,False,False,,False,,False,,,,Precision,,,Subsistence,Moving Target,,29,79,40,27,41,,,,,450,32,,,,,,,,,,,,,,,,,,,
Myelin,https://www.youtube.com/watch?v=bi2CkdMV9N0,Seventh Seraph Officer Revolver,Legendary,Weapon,Hand Cannon,Kinetic,10,False,True,Stability,False,,False,,,,Precision,,,Threat Detector,Timed Payload,,78,38,67,20,59,,,,,180,13,,,,,,,,,,,,,,,,,,,
Myelin,https://www.youtube.com/watch?v=bi2CkdMV9N0,Heritage,Legendary,Weapon,Shotgun,Kinetic,12,False,False,,True,False,False,,,,Pinpoint Slug,,,Reconstruction,Thresh,,70,68,68,65,47,,,,,70,6,,,,,,,,,,,,,,,,,,,
Myelin,https://www.youtube.com/watch?v=bi2CkdMV9N0,The Forward Path,Legendary,Weapon,Auto Rifle,Kinetic,11,False,False,,False,,False,,,,Adaptive,,,Dynamic Sway Reduction,Tap the Trigger,,21,51,47,80,70,,,,,600,46,,,,,,,,,,,,,,,,,,,
Myelin,https://www.youtube.com/watch?v=bi2CkdMV9N0,Farewell,Legendary,Weapon,Sidearm,Kinetic,14,False,True,Range,False,,False,,,,Lightweight,,,Full Auto Trigger System,Vorpal Weapon,,43,38,50,64,49,,,,,360,15,,,,,,,,,,,,,,,,,,,
Myelin,https://www.youtube.com/watch?v=bi2CkdMV9N0,Peacebond,Legendary,Weapon,Sidearm,Kinetic,16,False,False,,False,,False,Stasis,,,Adaptive,,,Rangefinder,Headstone,Skulking Wolf,75,38,94,50,31,,,,,491,30,,,,,,,,,,,,,,,,,,,
Myelin,https://www.youtube.com/watch?v=bi2CkdMV9N0,Pardon Our Dust,Legendary,Weapon,Grenade Launcher,Kinetic,15,False,False,,True,False,False,,,,Lightweight,,,Auto-Loading Holster,Danger Zone,,,,28,64,69,,,,,90,1,,,,,95,68,,,,,,,,,,,,,
Myelin,https://www.youtube.com/watch?v=bi2CkdMV9N0,Wastelander M5,Legendary,Weapon,Shotgun,Kinetic,15,False,False,,True,False,False,,,,Lightweight,,,Perpetual Motion,Opening Shot,,65,61,47,66,60,,,,,80,6,,,,,,,,,,,,,,,,,,,
Myelin,https://www.youtube.com/watch?v=bi2CkdMV9N0,Empirical Evidence,Legendary,Weapon,Sidearm,Kinetic,16,False,False,,True,True,False,,,,Aggressive Burst,,,Pulse Monitor,Unrelenting,Psychohack,56,62,33,24,24,,,,,325,24,,,,,,,,,,,,,,,,,,,
Myelin,https://www.youtube.com/watch?v=bi2CkdMV9N0,Forensic Nightmare,Legendary,Weapon,Submachine Gun,Kinetic,16,False,False,,True,True,False,Stasis,,,Precision,,,Grave Robber,Thresh,Psychohack,25,50,48,21,17,,,,,600,27,,,,,,,,,,,,,,,,,,,
Myelin,https://www.youtube.com/watch?v=bi2CkdMV9N0,Ragnhild-D,Legendary,Weapon,Shotgun,Kinetic,16,False,False,,True,True,False,,,,Aggressive,,,Subsistence,Demolitionist,Hakke Breach Armaments,80,35,36,30,13,,,,,55,6,,,,,,,,,,,,,,,,,,,
Myelin,https://www.youtube.com/watch?v=bi2CkdMV9N0,Syncopation-53,Legendary,Weapon,Pulse Rifle,Kinetic,16,False,False,,True,True,False,Stasis,,,Adaptive,,,Moving Target,Headstone,Suros Synergy,29,56,59,36,42,,,,,390,42,,,,,,,,,,,,,,,,,,,
Myelin,https://www.youtube.com/watch?v=bi2CkdMV9N0,Submission,Legendary,Weapon,Submachine Gun,Kinetic,16,False,False,,True,False,False,,,,Lightweight,,,Perpetual Motion,Demolitionist,Souldrinker,15,29,51,85,9,,,,,900,41,,,,,,,,,,,,,,,,,,,
Myelin,https://www.youtube.com/watch?v=bi2CkdMV9N0,Lingering Dread,Legendary,Weapon,Grenade Launcher,Kinetic,17,False,False,,False,,False,Stasis,,,Lightweight,,,Feeding Frenzy,Demolitionist,Bitterspite,,,24,86,70,,,,,90,1,,,,,80,83,,,,,,,,,,,,,
Myelin,https://www.youtube.com/watch?v=bi2CkdMV9N0,Something New,Legendary,Weapon,Hand Cannon,Kinetic,17,False,False,,False,,False,Stasis,,,Aggressive,Arrowhead Brake,Armor-Piercing Rounds,Feeding Frenzy,Well-Rounded,Dream Work,92,63,27,36,25,,,,,120,7,,,,,,,,,,,,,,,,,,,
Myelin,https://www.youtube.com/watch?v=bi2CkdMV9N0,Lunulata-4B,Legendary,Weapon,Combat Bow,Kinetic,17,False,False,,False,,False,Stasis,,,Lightweight,,,Shoot to Loot,Successful Warm-Up,Veist Stinger,68,,79,67,60,,,,,,,35,580,,,,,,,,,,,,,,,,,
Myelin,https://www.youtube.com/watch?v=bi2CkdMV9N0,Lunulata-4B,Legendary,Weapon,Combat Bow,Kinetic,17,False,False,,False,,False,Stasis,,,Lightweight,,,Well-Rounded,Adrenaline Junkie,Veist Stinger,68,,74,72,60,,,,,,,30,576,,,,,,,,,,,,,,,,,
Myelin,https://www.youtube.com/watch?v=bi2CkdMV9N0,Whispering Slab,Legendary,Weapon,Combat Bow,Kinetic,11,False,True,Handling,False,,False,,,,Lightweight,,,Archer’s Tempo,Opening Shot,,68,,58,80,60,,,,,,,17,500,,,,,,,,,,,,,,,,,
Myelin,https://www.youtube.com/watch?v=bi2CkdMV9N0,Smite of Merain,Legendary,Weapon,Pulse Rifle,Kinetic,18,False,True,Reload Speed,True,False,False,,,,Adaptive,,,Moving Target,Adrenaline Junkie,Runneth Over,29,43,50,57,57,,,,,390,45,,,,,,,,,,,,,,,,,,,
Myelin,https://www.youtube.com/watch?v=bi2CkdMV9N0,Defiance of Yasmin (Harrowed),Legendary,Weapon,Sniper Rifle,Kinetic,18,False,False,,False,,False,,,,Adaptive,,,Osmosis,Focused Fury,Runneth Over,70,64,51,36,54,,,,,90,5,,,,,,,,,,,,,,,,,,,
Myelin,https://www.youtube.com/watch?v=bi2CkdMV9N0,No Reprieve,Legendary,Weapon,Shotgun,Kinetic,18,False,False,,True,False,False,Stasis,,,Pinpoint Slug,Arrowhead Brake,Tactical Mag,Feeding Frenzy,Wellspring,Right Hook,70,62,48,79,56,,,,,65,7,,,,,,,,,,,,,,,,,,,
Myelin,https://www.youtube.com/watch?v=bi2CkdMV9N0,No Reprieve,Legendary,Weapon,Shotgun,Kinetic,18,False,False,,True,False,False,Stasis,,,Pinpoint Slug,Hammer-Forged Rifling,Tactical Mag,Surplus,Surrounded,Right Hook,70,75,48,65,56,,,,,65,7,,,,,,,,,,,,,,,,,,,
Myelin,https://www.youtube.com/watch?v=bi2CkdMV9N0,The Militia’s Birthright (Adept),Legendary,Weapon,Grenade Launcher,Kinetic,18,False,False,,False,,False,,,,Lightweight,,Blinding Grenades,Ambitious Assassin,One for All,Stunning Recovery,,,23,64,63,,,,,90,1,,,,,0,68,,,,,,,,,,,,,
Myelin,https://www.youtube.com/watch?v=bi2CkdMV9N0,The Militia’s Birthright (Adept),Legendary,Weapon,Grenade Launcher,Kinetic,18,False,False,,False,,False,,,,Lightweight,,,Grave Robber,Multikill Clip,Stunning Recovery,,,23,66,63,,,,,90,1,,,,,95,67,,,,,,,,,,,,,
Myelin,https://www.youtube.com/watch?v=bi2CkdMV9N0,Pure Poetry,Legendary,Weapon,Hand Cannon,Kinetic,18,False,False,,False,,False,,,,Aggressive,,,Air Assault,Harmony,Vanguard’s Vindication,92,53,33,22,6,,,,,120,10,,,,,,,,,,,,,,,,,,,
Myelin,https://www.youtube.com/watch?v=bi2CkdMV9N0,Pizzicato-22,Legendary,Weapon,Submachine Gun,Kinetic,18,False,False,,False,,False,,,,Adaptive,,,Mulligan,Pugilist,Suros Synergy,20,43,60,56,51,,,,,900,34,,,,,,,,,,,,,,,,,,,
Myelin,https://www.youtube.com/watch?v=bi2CkdMV9N0,Coldheart,Exotic,Weapon,Trace Rifle,Energy,1,False,False,,False,,False,Arc,Cold Fusion,,,Extended Barrel,Enhanced Battery,Longest Winter,Hand-Laid Stock,,6,70,70,25,30,,,,,1000,101,,,,,,,,,,,,,,,,,,,
Myelin,https://www.youtube.com/watch?v=bi2CkdMV9N0,Merciless,Exotic,Weapon,Fusion Rifle,Energy,1,False,False,,False,,False,Solar,Conserve Momentum,,,Chambered Compensator,Extended Mag,Impetus,Fitted Stock,,75,39,52,31,23,,,,,,8,,,1000,,,,,,,,,,,,,,,,
Myelin,https://www.youtube.com/watch?v=bi2CkdMV9N0,Fighting Lion,Exotic,Weapon,Grenade Launcher,Energy,1,False,False,,False,,False,Void,Delayed Gratification,,,Countermass,Implosion Rounds,Thin the Herd,Short-Action Stock,,,,75,100,0,,,,,90,1,,,,,90,50,,,,,,,,,,,,,
Myelin,https://www.youtube.com/watch?v=bi2CkdMV9N0,Sunshot,Exotic,Weapon,Hand Cannon,Energy,1,False,False,,False,,False,Solar,Sunburn,,,Chambered Compensator,Accurized Rounds,Sun Blast,Textured Grip,,80,41,45,91,72,,,,,150,12,,,,,,,,,,,,,,,,,,,
Myelin,https://www.youtube.com/watch?v=bi2CkdMV9N0,Skyburner’s Oath,Exotic,Weapon,Scout Rifle,Energy,1,False,False,,False,,False,Solar,Slug Rifle,,,Extended Barrel,Extended Mag,For the Empire,Short-Action Stock,,67,80,50,65,30,,,,,150,20,,,,,,,,,,,,,,,,,,,
Myelin,https://www.youtube.com/watch?v=bi2CkdMV9N0,Riskrunner,Exotic,Weapon,Submachine Gun,Energy,1,False,True,Range,False,,False,Arc,Arc Conductor,,,Arrowhead Brake,Extended Mag,Superconductor,Short-Action Stock,,20,80,55,71,15,,,,,900,41,,,,,,,,,,,,,,,,,,,
Myelin,https://www.youtube.com/watch?v=bi2CkdMV9N0,Telesto,Exotic,Weapon,Fusion Rifle,Energy,2,False,False,,False,,False,Void,Unplanned Reprieve,,,Projection Fuse,Harbinger’s Pulse,Polymer Grip,,,85,35,79,62,80,,,,,,4,,,820,,,,,,,,,,,,,,,,
Myelin,https://www.youtube.com/watch?v=bi2CkdMV9N0,Vouchsafe,Legendary,Weapon,Scout Rifle,Energy,13,False,False,,False,,False,Void,,,Lightweight,,,Rapid Hit,Dragonfly,,60,51,27,58,65,,,,,200,16,,,,,,,,,,,,,,,,,,,
Myelin,https://www.youtube.com/watch?v=bi2CkdMV9N0,Lord of Wolves,Exotic,Weapon,Shotgun,Energy,4,False,False,,False,,False,Solar,Shrapnel Launcher,,,Chambered Compensator,Extended Mag,Release the Wolves,Composite Stock,,68,20,54,40,60,,,,,640,30,,,,,,,,,,,,,,,,,,,
Myelin,https://www.youtube.com/watch?v=bi2CkdMV9N0,Le Monarque,Exotic,Weapon,Combat Bow,Energy,5,False,False,,False,,False,Void,Poison Arrows,,,Natural String,Compact Arrow Shaft,Snapshot Sights,,,76,,51,69,50,,,,,,,78,684,,,,,,,,,,,,,,,,,
Myelin,https://www.youtube.com/watch?v=bi2CkdMV9N0,Tarrabah,Exotic,Weapon,Submachine Gun,Energy,7,False,False,,False,,False,Solar,Ravenous Beast,,,Extended Barrel,Armor-Piercing Rounds,Bottomless Appetite,Hand-Laid Stock,,22,58,30,40,35,,,,,750,30,,,,,,,,,,,,,,,,,,,
Myelin,https://www.youtube.com/watch?v=bi2CkdMV9N0,Divinity,Exotic,Weapon,Trace Rifle,Energy,8,False,False,,False,,False,Arc,Judgement,,,Polygonal Rifling,Particle Repeater,Penance,Composite Stock,,6,67,100,56,45,,,,,1000,194,,,,,,,,,,,,,,,,,,,
Myelin,https://www.youtube.com/watch?v=bi2CkdMV9N0,Point of the Stag,Legendary,Weapon,Combat Bow,Energy,10,False,True,Accuracy,False,,False,Arc,,,Precision,Elastic String,Natural Fletching,Archer’s Tempo,Vorpal Weapon,,76,,55,61,40,,,,,,,63,612,,,,,,,,,,,,,,,,,
Myelin,https://www.youtube.com/watch?v=bi2CkdMV9N0,Seventh Seraph CQC-12,Legendary,Weapon,Shotgun,Energy,10,False,False,Stability,False,,False,Solar,,,Lightweight,Rifled Barrel,Light Mag,Quickdraw,Snapshot Sights,,65,58,36,54,80,,,,,80,6,,,,,,,,,,,,,,,,,,,
Myelin,https://www.youtube.com/watch?v=bi2CkdMV9N0,The Summoner,Legendary,Weapon,Auto Rifle,Energy,16,False,False,,False,,False,Solar,,,Adaptive,,,Dynamic Sway Reduction,Wellspring,Alacrity,21,46,46,85,56,,,,,600,42,,,,,,,,,,,,,,,,,,,
Myelin,https://www.youtube.com/watch?v=bi2CkdMV9N0,The Fourth Horseman,Exotic,Weapon,Shotgun,Energy,10,False,False,,False,,False,Arc,Thunderer,,,Arrowhead Brake,Assault Mag,Broadside,Fitted Stock,,80,22,44,33,36,,,,,360,4,,,,,,,,,,,,,,,,,,,
Myelin,https://www.youtube.com/watch?v=bi2CkdMV9N0,Trustee,Legendary,Weapon,Scout Rifle,Energy,12,False,True,Reload Speed,True,False,False,Solar,,,Rapid-Fire,,,Under Pressure,High-Impact Reserves,,45,35,43,40,21,,,,,260,20,,,,,,,,,,,,,,,,,,,
Myelin,https://www.youtube.com/watch?v=bi2CkdMV9N0,Cloudstrike,Exotic,Weapon,Sniper Rifle,Energy,12,False,False,,False,,False,Arc,Mortal Polarity,,,Fluted Barrel,Alloy Magazine,Stormbringer,Hand-Laid Stock,,55,60,64,61,40,,,,,140,7,,,,,,,,,,,,,,,,,,,
Myelin,https://www.youtube.com/watch?v=bi2CkdMV9N0,Ikelos_HC_V1.0.2,Legendary,Weapon,Hand Cannon,Energy,11,False,False,,False,,False,Void,,,Precision,,,Subsistence,Rampage,,78,32,55,45,33,,,,,180,12,,,,,,,,,,,,,,,,,,,
Myelin,https://www.youtube.com/watch?v=bi2CkdMV9N0,Ikelos_SG_V1.0.2,Legendary,Weapon,Shotgun,Energy,11,False,False,,False,,False,Solar,,,Rapid-Fire,Arrowhead Brake,Appended Mag,Lead from Gold,Trench Barrel,,65,34,34,54,61,,,,,140,8,,,,,,,,,,,,,,,,,,,
Myelin,https://www.youtube.com/watch?v=bi2CkdMV9N0,Gridskipper,Legendary,Weapon,Pulse Rifle,Energy,14,False,False,,False,,False,Void,,,Rapid-Fire,,,Tunnel Vision,Multikill Clip,,23,48,48,17,35,,,,,540,36,,,,,,,,,,,,,,,,,,,
Myelin,https://www.youtube.com/watch?v=bi2CkdMV9N0,Occluded Finality,Legendary,Weapon,Sniper Rifle,Energy,16,False,False,,False,,False,Arc,,,Aggressive,,,Auto-Loading Holster,Demolitionist,Skulking Wolf,90,80,34,36,14,,,,,72,4,,,,,,,,,,,,,,,,,,,
Myelin,https://www.youtube.com/watch?v=bi2CkdMV9N0,Stochastic Variable,Legendary,Weapon,Submachine Gun,Energy,14,False,False,,False,,False,Arc,,,Lightweight,Arrowhead Brake,Fase Magazine,Feeding Frenzy,Multikill Clip,,25,33,37,60,27,,,,,600,30,,,,,,,,,,,,,,,,,,,
Myelin,https://www.youtube.com/watch?v=bi2CkdMV9N0,Wolftone Draw,Legendary,Weapon,Combat Bow,Energy,15,False,False,,False,,False,Arc,,,Precision,,,Shoot to Loot,Dragonfly,,76,,37,80,50,,,,,,,70,684,,,,,,,,,,,,,,,,,
Myelin,https://www.youtube.com/watch?v=bi2CkdMV9N0,Forge’s Pledge,Legendary,Weapon,Pulse Rifle,Energy,16,False,False,,False,,False,Solar,,,Adaptive,,,Surplus,Elemental Capacitor,Skulking Wolf,29,45,66,89,52,,,,,390,39,,,,,,,,,,,,,,,,,,,
Myelin,https://www.youtube.com/watch?v=bi2CkdMV9N0,Dead Messenger,Exotic,Weapon,Grenade Launcher,Energy,16,False,False,,False,,False,Void,Trinary Vision,,,Quick Launch,High-Velocity Rounds,The Fundamentals,Short-Action Stock,,,,27,70,60,,,,,72,1,,,,,100,93,,,,,,,,,,,,,
Myelin,https://www.youtube.com/watch?v=bi2CkdMV9N0,Come to Pass,Legendary,Weapon,Auto Rifle,Energy,16,False,False,,True,False,False,Arc,,,High-Impact,,,Genesis,Adaptive Munitions,Psychohack,33,93,36,21,35,,,,,360,32,,,,,,,,,,,,,,,,,,,
Myelin,https://www.youtube.com/watch?v=bi2CkdMV9N0,Lubrae’s Ruin,Legendary,Weapon,Glaive,Energy,16,False,False,,True,False,False,Solar,,,Adaptive,,,Killing Wind,Swashbuckler,Souldrinker,80,65,,40,46,,,,,55,5,,,,40,,,,,,,,,,,,,,,
Myelin,https://www.youtube.com/watch?v=bi2CkdMV9N0,Lubrae’s Ruin,Legendary,Weapon,Glaive,Energy,16,False,False,,True,False,False,Solar,,,Adaptive,,,Immovable Object,Surrounded,Souldrinker,80,55,,40,48,,,,,55,5,,,,40,,,,,,,,,,,,,,,
Myelin,https://www.youtube.com/watch?v=bi2CkdMV9N0,Forbearance,Legendary,Weapon,Grenade Launcher,Energy,16,False,False,,True,False,False,Arc,,,Wave,,,Genesis,Chain Reaction,Souldrinker,,,27,65,83,,,,,72,1,,,,,100,79,,,,,,,,,,,,,
Myelin,https://www.youtube.com/watch?v=bi2CkdMV9N0,The Title,Legendary,Weapon,Submachine Gun,Energy,16,False,False,,False,,False,Void,,,Aggressive,,,Grave Robber,Vorpal Weapon,Classy Contender,22,45,21,58,23,,,,,750,27,,,,,,,,,,,,,,,,,,,
Myelin,https://www.youtube.com/watch?v=bi2CkdMV9N0,The Title,Legendary,Weapon,Submachine Gun,Energy,16,False,True,Reload Speed,False,,False,Void,,,Aggressive,,,Dynamic Sway Reduction,Swashbuckler,Classy Contender,22,60,20,43,33,,,,,750,27,,,,,,,,,,,,,,,,,,,
Myelin,https://www.youtube.com/watch?v=bi2CkdMV9N0,Snorri FR5,Legendary,Weapon,Fusion Rifle,Energy,16,False,False,,False,,False,Void,,,Precision,,,Firmly Planted,Successful Warm-Up,Omolon Fluid Dynamics,80,62,65,52,33,,,,,,6,,,780,,,,,,,,,,,,,,,,
Myelin,https://www.youtube.com/watch?v=bi2CkdMV9N0,Snorri FR5,Legendary,Weapon,Fusion Rifle,Energy,16,False,False,,False,,False,Void,,,Precision,,,Firmly Planted,Reservoir Burst,Omolon Fluid Dynamics,85,71,55,42,33,,,,,,7,,,780,,,,,,,,,,,,,,,,
Myelin,https://www.youtube.com/watch?v=bi2CkdMV9N0,Snorri FR5,Legendary,Weapon,Fusion Rifle,Energy,16,False,False,,False,,False,Void,,,Precision,,,Firmly Planted,Reservoir Burst,Omolon Fluid Dynamics,74,61,60,32,33,,,,,,7,,,768,,,,,,,,,,,,,,,,
Myelin,https://www.youtube.com/watch?v=bi2CkdMV9N0,Funnelweb,Legendary,Weapon,Submachine Gun,Energy,16,False,False,,False,,False,Void,,,Lightweight,Hammer-Forged Rifling,Accurized Rounds,Perpetual Motion,Frenzy,Veist Stinger,15,59,44,71,31,,,,,900,37,,,,,,,,,,,,,,,,,,,
Myelin,https://www.youtube.com/watch?v=bi2CkdMV9N0,Funnelweb,Legendary,Weapon,Submachine Gun,Energy,16,False,False,,False,,False,Void,,,Lightweight,,,Pulse Monitor,Thresh,Veist Stinger,15,59,47,60,31,,,,,900,37,,,,,,,,,,,,,,,,,,,
Myelin,https://www.youtube.com/watch?v=bi2CkdMV9N0,Nezarec’s Whisper,Legendary,Weapon,Glaive,Energy,17,False,False,,True,False,False,Arc,,,Adaptive,,,Demolitionist,Turnabout,Extrovert,80,65,,43,5,,,,,55,7,,,,32,,,,,,,,,,,,,,,
Myelin,https://www.youtube.com/watch?v=bi2CkdMV9N0,Nezarec’s Whisper,Legendary,Weapon,Glaive,Energy,17,False,False,,True,False,False,Arc,,,Adaptive,,,Tilting at Windmills,Adaptive Munitions,Extrovert,80,60,,37,21,,,,,55,6,,,,42,,,,,,,,,,,,,,,
Myelin,https://www.youtube.com/watch?v=bi2CkdMV9N0,Trespasser,Exotic,Weapon,Sidearm,Energy,17,False,False,,False,,False,Arc,Unrepentant,,,Full Bore,Ricochet Rounds,Be The Danger,Smooth Grip,,75,59,90,53,33,,,,,491,30,,,,,,,,,,,,,,,,,,,
Myelin,https://www.youtube.com/watch?v=bi2CkdMV9N0,Trespasser,Exotic,Weapon,Sidearm,Energy,17,False,False,,False,,False,Arc,Unrepentant,,,Full Bore,Ricochet Rounds,Be The Danger,Smooth Grip,,75,59,90,53,33,,,,,491,30,,,,,,,,,,,,,,,,,,,
Myelin,https://www.youtube.com/watch?v=bi2CkdMV9N0,Doom of Chelchis,Legendary,Weapon,Scout Rifle,Energy,18,False,False,,True,False,False,Void,,,Precision,,,Adaptive Munitions,Frenzy,Runneth Over,62,54,40,49,44,,,,,180,18,,,,,,,,,,,,,,,,,,,
Myelin,https://www.youtube.com/watch?v=bi2CkdMV9N0,Doom of Chelchis,Legendary,Weapon,Scout Rifle,Energy,18,False,False,,True,False,False,Void,,,Precision,,,Explosive Payload,Eye of the Storm,Runneth Over,62,64,33,34,44,,,,,180,16,,,,,,,,,,,,,,,,,,,
Myelin,https://www.youtube.com/watch?v=bi2CkdMV9N0,Zaouli’s Bane,Legendary,Weapon,Hand Cannon,Energy,18,False,False,Reload Speed,True,False,False,Solar,,,Adaptive,Smallbore,Accurized Rounds,Explosive Payload,Eye of the Storm,Runneth Over,84,60,59,46,45,,,,,140,10,,,,,,,,,,,,,,,,,,,
Myelin,https://www.youtube.com/watch?v=bi2CkdMV9N0,Tarnished Mettle,Legendary,Weapon,Scout Rifle,Energy,18,False,False,,True,False,False,Arc,,,Lightweight,,,Steady Hands,Voltshot,Right Hook,60,40,43,61,54,,,,,200,15,,,,,,,,,,,,,,,,,,,
Myelin,https://www.youtube.com/watch?v=bi2CkdMV9N0,Tarnished Mettle,Legendary,Weapon,Scout Rifle,Energy,18,False,False,,True,False,False,Arc,,,Lightweight,,,Steady Hands,Explosive Payload,Right Hook,60,35,48,61,63,,,,,200,16,,,,,,,,,,,,,,,,,,,
Myelin,https://www.youtube.com/watch?v=bi2CkdMV9N0,Mechabre,Legendary,Weapon,Sniper Rifle,Energy,18,False,False,,False,,False,Arc,,,Aggressive,,,Triple Tap,Swashbuckler,Search Party,90,74,43,21,43,,,,,72,4,,,,,,,,,,,,,,,,,,,
Myelin,https://www.youtube.com/watch?v=bi2CkdMV9N0,Mechabre,Legendary,Weapon,Sniper Rifle,Energy,18,False,False,,False,,False,Arc,,,Aggressive,Chambered Compensator,Accurized Rounds,No Distractions,Slickdraw,Search Party,90,84,38,22,30,,,,,72,3,,,,,,,,,,,,,,,,,,,
Myelin,https://www.youtube.com/watch?v=bi2CkdMV9N0,Jurassic Green,Legendary,Weapon,Pulse Rifle,Energy,18,False,False,,False,,False,Solar,,,Rapid-Fire,,,Tunnel Vision,Gutshot Straight,Search Party,23,27,42,29,27,,,,,540,36,,,,,,,,,,,,,,,,,,,
Myelin,https://www.youtube.com/watch?v=bi2CkdMV9N0,Jurassic Green,Legendary,Weapon,Pulse Rifle,Energy,18,False,False,,False,,False,Solar,,,Rapid-Fire,,,Tunnel Vision,Gutshot Straight,Search Party,23,42,31,19,27,,,,,540,36,,,,,,,,,,,,,,,,,,,
Myelin,https://www.youtube.com/watch?v=bi2CkdMV9N0,Jurassic Green,Legendary,Weapon,Pulse Rifle,Energy,18,False,False,,False,,False,Solar,,,Rapid-Fire,,,Rangefinder,Adaptive Munitions,Search Party,23,27,53,14,27,,,,,540,36,,,,,,,,,,,,,,,,,,,
Myelin,https://www.youtube.com/watch?v=bi2CkdMV9N0,Jurassic Green,Legendary,Weapon,Pulse Rifle,Energy,18,False,False,,False,,False,Solar,,,Rapid-Fire,,,Steady Hands,Frenzy,Search Party,23,27,46,35,7,,,,,540,45,,,,,,,,,,,,,,,,,,,
Myelin,https://www.youtube.com/watch?v=bi2CkdMV9N0,Out of Bounds,Legendary,Weapon,Submachine Gun,Energy,18,False,False,,False,,False,Arc,,,Lightweight,,,Perpetual Motion,Gutshot Straight,One Quiet Moment,15,32,53,65,8,,,,,900,39,,,,,,,,,,,,,,,,,,,
Myelin,https://www.youtube.com/watch?v=bi2CkdMV9N0,Out of Bounds,Legendary,Weapon,Submachine Gun,Energy,18,False,False,,False,,False,Arc,,,Lightweight,,,Demolitionist,Surrounded,One Quiet Moment,15,52,33,62,31,,,,,900,36,,,,,,,,,,,,,,,,,,,
Myelin,https://www.youtube.com/watch?v=bi2CkdMV9N0,The Wardcliff Coil,Exotic,Weapon,Rocket Launcher,Power,1,False,False,,False,,False,Arc,Mad Scientist,,,Volatile Launch,Extended Mag,Mechanized Autoloader,Composite Stock,,,,55,80,30,,,,,60,1,,,,,25,95,,,,,,,,,,,,,
Myelin,https://www.youtube.com/watch?v=bi2CkdMV9N0,Whisper of the Worm,Exotic,Weapon,Sniper Rifle,Power,3,False,True,Reload Speed,False,,False,Solar,White Nail,Whispered Breathing,,Polygonal Rifling,Accurized Rounds,Mulligan,Fitted Stock,,100,85,35,23,66,,,,,72,3,,,,,,,,,,,,,,,,,,,
Myelin,https://www.youtube.com/watch?v=bi2CkdMV9N0,Anarchy,Exotic,Weapon,Grenade Launcher,Power,5,False,False,,False,,False,Arc,Arc Traps,,,Quick Launch,High-Velocity Rounds,Moving Target,Composite Stock,,,,65,79,73,,,,,150,6,,,,,70,100,,,,,,,,,,,,,
Myelin,https://www.youtube.com/watch?v=bi2CkdMV9N0,Deathbringer,Exotic,Weapon,Rocket Launcher,Power,8,False,False,,False,,False,Void,Dark Deliverance,,,Volatile Launch,Alloy Casing,Dark Descent,Composite Stock,,,,53,66,63,,,,,15,1,,,,,100,35,,,,,,,,,,,,,
Myelin,https://www.youtube.com/watch?v=bi2CkdMV9N0,Salvation’s Grip,Exotic,Weapon,Grenade Launcher,Power,12,False,False,,False,,False,Stasis,Cryocannon,,,Linear Compensator,Alloy Casing,Flash Freeze,Polymer Grip,,,,36,57,55,,,,,120,8,,,,,55,37,,,,,,,,,,,,,
Myelin,https://www.youtube.com/watch?v=bi2CkdMV9N0,OGMA PR6,Legendary,Weapon,Pulse Rifle,Energy,16,False,False,,False,,False,Solar,,,Lightweight,,,Adaptive Munitions,Dragonfly,Omolon Fluid Dynamics,27,38,72,76,55,,,,,450,33,,,,,,,,,,,,,,,,,,,
Myelin,https://www.youtube.com/watch?v=bi2CkdMV9N0,Staccato-46,Legendary,Weapon,Scout Rifle,Energy,17,False,False,,False,,False,Solar,,,Precision,,,Triple Tap,Focused Fury,Suros Synergy,62,41,44,48,40,,,,,180,17,,,,,,,,,,,,,,,,,,,
Myelin,https://www.youtube.com/watch?v=bi2CkdMV9N0,Hero of Ages,Legendary,Weapon,Sword,Power,15,False,False,,False,,False,Arc,,,Vortex,,Enduring Guard,Unrelenting,En Garde,,60,,,,,,,,,,,,,,,,,40,25,0,100,90,63,,,,,,,
Myelin,https://www.youtube.com/watch?v=bi2CkdMV9N0,Hero of Ages,Legendary,Weapon,Sword,Power,15,False,False,,False,,False,Arc,,,Vortex,,Balanced Guard,Demolitionist,Assassin’s Blade,,62,,,,,,,,,,,,,,,,,40,25,50,50,50,59,,,,,,,
Myelin,https://www.youtube.com/watch?v=bi2CkdMV9N0,Typhon GL5,Legendary,Weapon,Grenade Launcher,Power,16,False,False,,False,,False,Stasis,,,Adaptive,Volatile Launch,High-Velocity Rounds,Demolitionist,Explosive Light,Omolon Fluid Dynamics,,,42,37,57,,,,,120,5,,,,,65,40,,,,,,,,,,,,,
Myelin,https://www.youtube.com/watch?v=bi2CkdMV9N0,Typhon GL5,Legendary,Weapon,Grenade Launcher,Power,16,False,False,,False,,False,Stasis,,,Adaptive,,,Stats for All,One for All,Omolon Fluid Dynamics,,,42,37,55,,,,,120,5,,,,,65,41,,,,,,,,,,,,,
Myelin,https://www.youtube.com/watch?v=bi2CkdMV9N0,Palmyra-B,Legendary,Weapon,Rocket Launcher,Power,16,False,False,,True,False,False,Stasis,,,Häkke Precision,,,Surplus,Explosive Light,Hakke Breach Armaments,,,50,43,23,,,,,15,1,,,,,45,39,,,,,,,,,,,,,
Myelin,https://www.youtube.com/watch?v=bi2CkdMV9N0,Palmyra-B,Legendary,Weapon,Rocket Launcher,Power,16,False,False,,True,False,False,Stasis,,,Häkke Precision,,,Surplus,Chill Clip,Hakke Breach Armaments,,,45,53,22,,,,,15,1,,,,,35,51,,,,,,,,,,,,,
Myelin,https://www.youtube.com/watch?v=bi2CkdMV9N0,Red Herring,Legendary,Weapon,Rocket Launcher,Power,16,False,True,Handling,True,False,False,Void,,,Adaptive,,,Field Prep,Frenzy,Psychohack,,,52,45,42,,,,,20,1,,,,,65,48,,,,,,,,,,,,,
Myelin,https://www.youtube.com/watch?v=bi2CkdMV9N0,Fixed Odds,Legendary,Weapon,Machine Gun,Power,17,False,False,Handling,True,False,False,Solar,,,High-Impact,Corkscrew Rifling,Extended Mag,Under Pressure,Firing Line,To Excess,70,68,33,39,11,,,,,360,57,,,,,,,,,,,,,,,,,,,
Myelin,https://www.youtube.com/watch?v=bi2CkdMV9N0,Fixed Odds,Legendary,Weapon,Machine Gun,Power,17,False,False,Range,True,False,False,Solar,,,High-Impact,Chambered Compensator,Appended Mag,Under Pressure,Firing Line,To Excess,70,67,38,25,31,,,,,360,53,,,,,,,,,,,,,,,,,,,
Myelin,https://www.youtube.com/watch?v=bi2CkdMV9N0,Tangled Web Mask,Legendary,Armor,Hunter,Head,15,False,False,,,,,Solar,,,,,,,,,,,,,,,,,,,,,,,,,,,,,,,,6,14,6,11,13,2,52
Myelin,https://www.youtube.com/watch?v=bi2CkdMV9N0,Tangled Web Mask,Legendary,Armor,Hunter,Head,15,False,False,,,,,Arc,,,,,,,,,,,,,,,,,,,,,,,,,,,,,,,,6,7,12,13,2,14,54
Myelin,https://www.youtube.com/watch?v=bi2CkdMV9N0,Prodigal Mask,Legendary,Armor,Hunter,Head,15,False,False,,,,,Arc,,,,,,,,,,,,,,,,,,,,,,,,,,,,,,,,7,6,12,13,2,11,51
Myelin,https://www.youtube.com/watch?v=bi2CkdMV9N0,Clutch Extol Mask,Legendary,Armor,Hunter,Head,16,False,False,,,,,Solar,,,,,,,,,,,,,,,,,,,,,,,,,,,,,,,,10,2,15,7,7,12,53
Myelin,https://www.youtube.com/watch?v=bi2CkdMV9N0,Photosuede Helmet,Legendary,Armor,Titan,Head,16,False,False,,,,,Arc,,,,,,,,,,,,,,,,,,,,,,,,,,,,,,,,2,13,13,13,2,11,54
Myelin,https://www.youtube.com/watch?v=bi2CkdMV9N0,Ketchkiller’s Mask,Legendary,Armor,Hunter,Head,18,False,False,,,,,Solar,,,,,,,,Plunderer’s Trappings,,,,,,,,,,,,,,,,,,,,,,,,11,16,2,8,16,6,59
Myelin,https://www.youtube.com/watch?v=bi2CkdMV9N0,Ketchkiller’s Mask,Legendary,Armor,Hunter,Head,18,False,False,,,,,Void,,,,,,,,Plunderer’s Trappings,,,,,,,,,,,,,,,,,,,,,,,,2,18,6,12,12,2,52
Myelin,https://www.youtube.com/watch?v=bi2CkdMV9N0,Airhead Hood,Legendary,Armor,Hunter,Class Item,12,False,False,,,,,Arc,,,,,,,,,,,,,,,,,,,,,,,,,,,,,,,,,,,,,,
Myelin,https://www.youtube.com/watch?v=bi2CkdMV9N0,Airhead Hood,Legendary,Armor,Hunter,Class Item,12,False,False,,,,,Solar,,,,,,,,,,,,,,,,,,,,,,,,,,,,,,,,,,,,,,
Myelin,https://www.youtube.com/watch?v=bi2CkdMV9N0,Airhead Hood,Legendary,Armor,Hunter,Class Item,12,False,False,,,,,Void,,,,,,,,,,,,,,,,,,,,,,,,,,,,,,,,,,,,,,
Myelin,https://www.youtube.com/watch?v=bi2CkdMV9N0,Airhead Hood,Legendary,Armor,Hunter,Class Item,12,False,False,,,,,Stasis,,,,,,,,,,,,,,,,,,,,,,,,,,,,,,,,,,,,,,
Myelin,https://www.youtube.com/watch?v=bi2CkdMV9N0,Iron Forerunner Mark,Legendary,Armor,Titan,Class Item,15,False,False,,,,,Solar,,,,,,,,Iron Lord’s Pride,,,,,,,,,,,,,,,,,,,,,,,,,,,,,,
Myelin,https://www.youtube.com/watch?v=bi2CkdMV9N0,Iron Forerunner Mark,Legendary,Armor,Titan,Class Item,15,False,False,,,,,Stasis,,,,,,,,Iron Lord’s Pride,,,,,,,,,,,,,,,,,,,,,,,,,,,,,,
Myelin,https://www.youtube.com/watch?v=bi2CkdMV9N0,Iron Forerunner Mark,Legendary,Armor,Titan,Class Item,15,False,False,,,,,Void,,,,,,,,Iron Lord’s Pride,,,,,,,,,,,,,,,,,,,,,,,,,,,,,,
Myelin,https://www.youtube.com/watch?v=bi2CkdMV9N0,Iron Forerunner Mark,Legendary,Armor,Titan,Class Item,15,False,False,,,,,Void,,,,,,,,Iron Lord’s Pride,,,,,,,,,,,,,,,,,,,,,,,,,,,,,,
Myelin,https://www.youtube.com/watch?v=bi2CkdMV9N0,Iron Forerunner Mark,Legendary,Armor,Titan,Class Item,15,False,False,,,,,Void,,,,,,,,Iron Lord’s Pride,,,,,,,,,,,,,,,,,,,,,,,,,,,,,,
Myelin,https://www.youtube.com/watch?v=bi2CkdMV9N0,Iron Forerunner Mark,Legendary,Armor,Titan,Class Item,15,False,False,,,,,Solar,,,,,,,,Iron Lord’s Pride,,,,,,,,,,,,,,,,,,,,,,,,,,,,,,
Myelin,https://www.youtube.com/watch?v=bi2CkdMV9N0,Cloak of Retelling,Rare,Armor,Hunter,Class Item,4,False,False,,,,,Solar,,,,,,,,,,,,,,,,,,,,,,,,,,,,,,,,,,,,,,
Myelin,https://www.youtube.com/watch?v=bi2CkdMV9N0,Cloak of Retelling,Rare,Armor,Hunter,Class Item,4,False,False,,,,,Arc,,,,,,,,,,,,,,,,,,,,,,,,,,,,,,,,,,,,,,
AscendantNomad,https://www.youtube.com/watch?v=YkVa7_QfHgs,Chattering Bone,Legendary,Weapon,Pulse Rifle,Kinetic,11,False,True,Range,True,False,False,,,,Lightweight,,,Kill Clip,High-Impact Reserves,,27,53,57,75,73,,,,,450,33,,,,,,,,,,,,,,,,,,,
AscendantNomad,https://www.youtube.com/watch?v=YkVa7_QfHgs,Transfiguration,Legendary,Weapon,Scout Rifle,Kinetic,4,False,False,,True,False,False,,,,High-Impact,,,Rampage,Opening Shot,,67,74,33,44,25,,,,,150,14,,,,,,,,,,,,,,,,,,,
AscendantNomad,https://www.youtube.com/watch?v=YkVa7_QfHgs,The Supremacy,Legendary,Weapon,Sniper Rifle,Kinetic,11,False,True,Range,True,False,False,,,,Rapid-Fire,,,Snapshot Sights,Rapid Hit,,55,62,28,63,72,,,,,140,6,,,,,,,,,,,,,,,,,,,
AscendantNomad,https://www.youtube.com/watch?v=YkVa7_QfHgs,Dust Rock Blues,Legendary,Weapon,Shotgun,Kinetic,4,True,True,Reload Speed,False,,False,,,,Precision,,,Slideshot,Snapshot Sights,,70,85,45,19,51,,,,,65,5,,,,,,,,,,,,,,,,,,,
AscendantNomad,https://www.youtube.com/watch?v=YkVa7_QfHgs,Redrix’s Broadsword,Legendary,Weapon,Pulse Rifle,Kinetic,4,True,True,Range,False,,True,,,,High-Impact,,High-Caliber Rounds,Outlaw,Desperado,,33,75,69,36,38,,,,,340,36,,,,,,,,,,,,,,,,,,,
AscendantNomad,https://www.youtube.com/watch?v=YkVa7_QfHgs,The Mountaintop,Legendary,Weapon,Grenade Launcher,Kinetic,5,True,True,Velocity,False,,True,,,,Lightweight,,,Rangefinder,Micro-Missile,,,,23,69,63,,,,,,,,,,,95,100,,,,,,,,,,,,,
AscendantNomad,https://www.youtube.com/watch?v=YkVa7_QfHgs,Lonesome,Legendary,Weapon,Sidearm,Kinetic,11,False,False,,False,,False,,,,Precision,,,Zen Moment,Kill Clip,,51,59,47,43,36,,,,,260,12,,,,,,,,,,,,,,,,,,,
AscendantNomad,https://www.youtube.com/watch?v=YkVa7_QfHgs,Revoker,Legendary,Weapon,Sniper Rifle,Kinetic,7,True,True,Handling,False,,True,,,,Aggressive,Extended Barrel,Accurized Rounds,Snapshot Sights,Reversal of Fortune,,90,98,27,23,30,,,,,72,3,,,,,,,,,,,,,,,,,,,
AscendantNomad,https://www.youtube.com/watch?v=YkVa7_QfHgs,Accrued Redemption,Legendary,Weapon,Combat Bow,Kinetic,11,False,False,,False,,False,,,,Precision,,,Quickdraw,Rapid Hit,,76,,63,71,40,,,,,,,66,684,,,,,,,,,,,,,,,,,
AscendantNomad,https://www.youtube.com/watch?v=YkVa7_QfHgs,Loud Lullaby,Legendary,Weapon,Hand Cannon,Kinetic,14,False,False,,False,,False,,,,Aggressive,,,Slideshot,Eye of the Storm,,92,74,22,29,23,,,,,120,8,,,,,,,,,,,,,,,,,,,
AscendantNomad,https://www.youtube.com/watch?v=YkVa7_QfHgs,Braytech Werewolf,Legendary,Weapon,Auto Rifle,Kinetic,11,False,False,,False,,False,,,,Precision,,,Dynamic Sway Reduction,Vorpal Weapon,,29,76,51,49,42,,,,,450,40,,,,,,,,,,,,,,,,,,,
AscendantNomad,https://www.youtube.com/watch?v=YkVa7_QfHgs,Cold Front,Legendary,Weapon,Submachine Gun,Kinetic,12,False,True,Range,False,,False,,,,Aggressive,,,Surplus,Rampage,,22,57,14,53,19,,,,,750,28,,,,,,,,,,,,,,,,,,,
AscendantNomad,https://www.youtube.com/watch?v=YkVa7_QfHgs,Dire Promise,Legendary,Weapon,Hand Cannon,Kinetic,10,False,True,Stability,False,,False,,,,Adaptive,,,Overflow,Swashbuckler,,84,54,52,52,49,,,,,140,11,,,,,,,,,,,,,,,,,,,
AscendantNomad,https://www.youtube.com/watch?v=YkVa7_QfHgs,Dire Promise,Legendary,Weapon,Hand Cannon,Kinetic,10,False,True,Stability,False,,False,,,,Adaptive,,,Snapshot Sights,Rangefinder,,84,47,67,67,49,,,,,140,11,,,,,,,,,,,,,,,,,,,
AscendantNomad,https://www.youtube.com/watch?v=YkVa7_QfHgs,True Prophecy,Legendary,Weapon,Hand Cannon,Kinetic,10,False,False,,False,,False,,,,Aggressive,,,Field Prep,Rampage,,92,70,32,40,22,,,,,120,9,,,,,,,,,,,,,,,,,,,
AscendantNomad,https://www.youtube.com/watch?v=YkVa7_QfHgs,Biting Winds,Legendary,Weapon,Combat Bow,Kinetic,12,False,True,Stability,False,,False,,,,Precision,,,Quickdraw,Swashbuckler,,76,,53,59,50,,,,,,,73,648,,,,,,,,,,,,,,,,,
AscendantNomad,https://www.youtube.com/watch?v=YkVa7_QfHgs,Heritage,Legendary,Weapon,Shotgun,Kinetic,12,False,False,,True,False,False,,,,Pinpoint Slug,,,Demolitionist,Snapshot Sights,Bray Inheritance,70,85,48,65,45,,,,,70,6,,,,,,,,,,,,,,,,,,,
AscendantNomad,https://www.youtube.com/watch?v=YkVa7_QfHgs,Heritage,Legendary,Weapon,Shotgun,Kinetic,12,False,True,Reload Speed,True,False,False,,,,Pinpoint Slug,,,Dual Loader,Snapshot Sights,,70,80,50,70,30,,,,,65,6,,,,,,,,,,,,,,,,,,,
AscendantNomad,https://www.youtube.com/watch?v=YkVa7_QfHgs,Heritage,Legendary,Weapon,Shotgun,Kinetic,12,False,True,Stability,True,False,False,,,,Pinpoint Slug,,,Reconstruction,Recombination,,70,80,60,70,55,,,,,65,6,,,,,,,,,,,,,,,,,,,
AscendantNomad,https://www.youtube.com/watch?v=YkVa7_QfHgs,Succession,Legendary,Weapon,Sniper Rifle,Kinetic,12,False,True,Reload Speed,True,False,False,,,,Aggressive,,,Reconstruction,Vorpal Weapon,,90,86,23,20,45,,,,,72,4,,,,,,,,,,,,,,,,,,,
AscendantNomad,https://www.youtube.com/watch?v=YkVa7_QfHgs,Eye of Sol (Adept),Legendary,Weapon,Sniper Rifle,Kinetic,16,False,False,,False,,False,,,,Adaptive,,,No Distractions,Opening Shot,Alacrity,70,50,59,62,50,,,,,90,5,,,,,,,,,,,,,,,,,,,
AscendantNomad,https://www.youtube.com/watch?v=YkVa7_QfHgs,Cold Denial,Legendary,Weapon,Pulse Rifle,Kinetic,11,False,False,,False,,False,,,,High-Impact,,,Killing Wind,Multikill Clip,,33,72,44,14,34,,,,,340,27,,,,,,,,,,,,,,,,,,,
AscendantNomad,https://www.youtube.com/watch?v=YkVa7_QfHgs,The Messenger (Adept),Legendary,Weapon,Pulse Rifle,Kinetic,16,False,False,,False,,False,,,,High-Impact,,,Moving Target,Frenzy,Alacrity,33,76,54,31,39,,,,,340,30,,,,,,,,,,,,,,,,,,,
AscendantNomad,https://www.youtube.com/watch?v=YkVa7_QfHgs,The Time-Worn Spire,Legendary,Weapon,Pulse Rifle,Kinetic,13,False,False,,False,,False,,,,Rapid-Fire,,,Moving Target,Rampage,,23,33,49,45,30,,,,,540,36,,,,,,,,,,,,,,,,,,,
AscendantNomad,https://www.youtube.com/watch?v=YkVa7_QfHgs,The Time-Worn Spire,Legendary,Weapon,Pulse Rifle,Kinetic,13,False,True,Stability,False,,False,,,,Rapid-Fire,,,Moving Target,Rampage,,23,40,59,33,30,,,,,540,36,,,,,,,,,,,,,,,,,,,
AscendantNomad,https://www.youtube.com/watch?v=YkVa7_QfHgs,Chroma Rush,Legendary,Weapon,Auto Rifle,Kinetic,14,False,True,Stability,False,,False,,,,Rapid-Fire,,,Feeding Frenzy,Kill Clip,,18,30,81,25,47,,,,,720,51,,,,,,,,,,,,,,,,,,,
AscendantNomad,https://www.youtube.com/watch?v=YkVa7_QfHgs,Ignition Code,Legendary,Weapon,Grenade Launcher,Kinetic,14,False,False,,False,,False,,,,Lightweight,Hard Launch,Blinding Grenades,Field Prep,Vorpal Weapon,,,,18,64,64,71,13,2,75,90,1,,,,,0,87,,,,,,,,,,,,,
AscendantNomad,https://www.youtube.com/watch?v=YkVa7_QfHgs,Praedyth’s Revenge,Legendary,Weapon,Sniper Rifle,Kinetic,14,False,True,Range,False,,False,,,,Rapid-Fire,,,Moving Target,Opening Shot,,55,54,40,80,63,,,,,140,6,,,,,,,,,,,,,,,,,,,
AscendantNomad,https://www.youtube.com/watch?v=YkVa7_QfHgs,Praedyth’s Revenge (Timelost),Legendary,Weapon,Sniper Rifle,Kinetic,14,False,False,,False,,False,,,,Rapid-Fire,,,Feeding Frenzy,Adrenaline Junkie,,55,34,44,80,43,,,,,140,7,,,,,,,,,,,,,,,,,,,
AscendantNomad,https://www.youtube.com/watch?v=YkVa7_QfHgs,Riiswalker,Legendary,Weapon,Shotgun,Kinetic,16,False,True,Range,False,,False,,,,Lightweight,,,Quickdraw,Vorpal Weapon,Skulking Wolf,65,72,50,71,62,,,,,80,6,,,,,,,,,,,,,,,,,,,
AscendantNomad,https://www.youtube.com/watch?v=YkVa7_QfHgs,Hung Jury SR4 (Adept),Legendary,Weapon,Scout Rifle,Kinetic,14,False,False,,False,,False,,,,Precision,,,Rapid Hit,Adrenaline Junkie,,62,64,51,45,61,,,,,180,16,,,,,,,,,,,,,,,,,,,
AscendantNomad,https://www.youtube.com/watch?v=YkVa7_QfHgs,Survivor’s Epitaph,Legendary,Weapon,Hand Cannon,Kinetic,14,False,True,Reload Speed,False,,False,,,,Precision,,,Killing Wind,Multikill Clip,One Quiet Moment,78,47,66,43,55,,,,,180,16,,,,,,,,,,,,,,,,,,,
AscendantNomad,https://www.youtube.com/watch?v=YkVa7_QfHgs,Survivor’s Epitaph,Legendary,Weapon,Hand Cannon,Kinetic,14,False,False,,False,,False,,,,Precision,,,Rapid Hit,Frenzy,,78,38,66,38,45,,,,,180,12,,,,,,,,,,,,,,,,,,,
AscendantNomad,https://www.youtube.com/watch?v=YkVa7_QfHgs,Vulpecula,Legendary,Weapon,Hand Cannon,Kinetic,15,False,True,Reload Speed,False,,False,Stasis,,,Precision,,,Killing Wind,Headstone,,78,32,63,44,77,,,,,180,16,,,,,,,,,,,,,,,,,,,
AscendantNomad,https://www.youtube.com/watch?v=YkVa7_QfHgs,Legal Action II,Legendary,Weapon,Pulse Rifle,Kinetic,15,False,False,,False,,False,,,,High-Impact,,,Feeding Frenzy,Rampage,,33,67,61,29,43,,,,,340,30,,,,,,,,,,,,,,,,,,,
AscendantNomad,https://www.youtube.com/watch?v=YkVa7_QfHgs,Scathelocke,Legendary,Weapon,Auto Rifle,Kinetic,15,False,True,Handling,False,,False,,,,Adaptive,,,Tunnel Vision,Multikill Clip,,21,49,49,77,69,,,,,600,50,,,,,,,,,,,,,,,,,,,
AscendantNomad,https://www.youtube.com/watch?v=YkVa7_QfHgs,Shepherd’s Watch,Legendary,Weapon,Sniper Rifle,Kinetic,15,False,False,,False,,False,,,,Adaptive,,,Moving Target,Snapshot Sights,,70,57,42,38,40,,,,,90,5,,,,,,,,,,,,,,,,,,,
AscendantNomad,https://www.youtube.com/watch?v=YkVa7_QfHgs,Eyasluna,Legendary,Weapon,Hand Cannon,Kinetic,15,False,False,,False,,False,Stasis,,,Adaptive,,,Rapid Hit,Kill Clip,,84,60,67,52,55,,,,,140,11,,,,,,,,,,,,,,,,,,,
AscendantNomad,https://www.youtube.com/watch?v=YkVa7_QfHgs,Herod-C,Legendary,Weapon,Auto Rifle,Kinetic,16,False,False,,False,,False,Stasis,,,High-Impact,,,Perpetual Motion,One for All,Gun and Run,33,89,38,35,39,,,,,360,33,,,,,,,,,,,,,,,,,,,
AscendantNomad,https://www.youtube.com/watch?v=YkVa7_QfHgs,Deliverance,Legendary,Weapon,Fusion Rifle,Kinetic,16,False,False,,True,False,False,Stasis,,,Precision,,,Steady Hands,Successful Warm-Up,Souldrinker,80,70,57,47,34,,,,,,7,,,780,,,,,,,,,,,,,,,,
AscendantNomad,https://www.youtube.com/watch?v=YkVa7_QfHgs,Deliverance,Legendary,Weapon,Fusion Rifle,Kinetic,16,False,False,,True,False,False,Stasis,,,Precision,,,Perpetual Motion,Successful Warm-Up,Souldrinker,85,62,60,47,34,,,,,,6,,,780,,,,,,,,,,,,,,,,
AscendantNomad,https://www.youtube.com/watch?v=YkVa7_QfHgs,Submission,Legendary,Weapon,Submachine Gun,Kinetic,16,False,False,,True,False,False,,,,Lightweight,Arrowhead Brake,Accurized Rounds,Encore,Swashbuckler,Souldrinker,15,39,45,80,34,58,15,42,100,900,37,,,,,,,,,,,,,,,,,,,
AscendantNomad,https://www.youtube.com/watch?v=YkVa7_QfHgs,Submission,Legendary,Weapon,Submachine Gun,Kinetic,16,False,False,,True,False,False,,,,Lightweight,Chambered Compensator,Extended Mag,Encore,Killing Wind,Souldrinker,15,29,59,65,9,58,15,37,100,900,41,,,,,,,,,,,,,,,,,,,
AscendantNomad,https://www.youtube.com/watch?v=YkVa7_QfHgs,Reckless Endangerment,Legendary,Weapon,Shotgun,Kinetic,16,False,True,Handling,False,,True,,,,Lightweight,,,Steady Hands,Swashbuckler,One Quiet Moment,65,42,50,75,59,,,,,90,6,,,,,,,,,,,,,,,,,,,
AscendantNomad,https://www.youtube.com/watch?v=YkVa7_QfHgs,Perses-D,Legendary,Weapon,Scout Rifle,Kinetic,16,False,False,,False,,False,Stasis,,,High-Impact,,,Stats for All,One for All,Hakke Breach Armaments,67,71,42,36,33,,,,,150,13,,,,,,,,,,,,,,,,,,,
AscendantNomad,https://www.youtube.com/watch?v=YkVa7_QfHgs,Tears of Contrition,Legendary,Weapon,Scout Rifle,Kinetic,17,False,False,,True,False,False,,,,Precision,,,Perpetual Motion,Explosive Payload,Extrovert,62,54,61,46,59,,,,,180,16,,,,,,,,,,,,,,,,,,,
AscendantNomad,https://www.youtube.com/watch?v=YkVa7_QfHgs,Firefright,Legendary,Weapon,Auto Rifle,Kinetic,17,False,False,,True,False,False,,,,Precision,,,Threat Detector,Surrounded,Extrovert,29,62,51,36,24,,,,,450,40,,,,,,,,,,,,,,,,,,,
AscendantNomad,https://www.youtube.com/watch?v=YkVa7_QfHgs,Lingering Dread,Legendary,Weapon,Grenade Launcher,Kinetic,17,False,False,,False,,False,Stasis,,,Lightweight,Linear Compensator,Blinding Grenades,Feeding Frenzy,Danger Zone,Bitterspite,,,29,70,70,75,13,3,63,90,1,,,,,0,81,,,,,,,,,,,,,
AscendantNomad,https://www.youtube.com/watch?v=YkVa7_QfHgs,New Purpose,Legendary,Weapon,Pulse Rifle,Kinetic,17,False,False,,False,,False,Stasis,,,High-Impact,,,Tunnel Vision,Desperado,Bitterspite,33,70,64,21,35,,,,,340,27,,,,,,,,,,,,,,,,,,,
AscendantNomad,https://www.youtube.com/watch?v=YkVa7_QfHgs,New Purpose,Legendary,Weapon,Pulse Rifle,Kinetic,17,False,True,Stability,False,,False,Stasis,,,High-Impact,Arrowhead Brake,High-Caliber Rounds,Feeding Frenzy,Adaptive Munitions,Bitterspite,33,70,64,36,31,32,18,19,100,340,27,,,,,,,,,,,,,,,,,,,
AscendantNomad,https://www.youtube.com/watch?v=YkVa7_QfHgs,Something New,Legendary,Weapon,Hand Cannon,Kinetic,17,False,False,,False,,False,Stasis,,,Aggressive,,,Feeding Frenzy,Demolitionist,Dream Work,92,69,32,24,40,,,,,120,7,,,,,,,,,,,,,,,,,,,
AscendantNomad,https://www.youtube.com/watch?v=YkVa7_QfHgs,Something New,Legendary,Weapon,Hand Cannon,Kinetic,17,False,False,,False,,False,Stasis,,,Aggressive,,,Wellspring,Harmony,Dream Work,92,69,27,24,5,,,,,120,10,,,,,,,,,,,,,,,,,,,
AscendantNomad,https://www.youtube.com/watch?v=YkVa7_QfHgs,Riptide,Legendary,Weapon,Fusion Rifle,Kinetic,17,False,True,Range,False,,False,Stasis,,,Rapid-Fire,,,Under Pressure,Demolitionist,One Quiet Moment,55,41,41,50,45,,,,,,7,,,500,,,,,,,,,,,,,,,,
AscendantNomad,https://www.youtube.com/watch?v=YkVa7_QfHgs,Enyo-D,Legendary,Weapon,Submachine Gun,Kinetic,17,False,False,,False,,False,,,,Precision,,,Encore,Multikill Clip,Hakke Breach Armaments,25,49,42,43,18,,,,,600,27,,,,,,,,,,,,,,,,,,,
AscendantNomad,https://www.youtube.com/watch?v=YkVa7_QfHgs,Enyo-D,Legendary,Weapon,Submachine Gun,Kinetic,17,False,False,,False,,False,,,,Precision,,,Encore,Rampage,Hakke Breach Armaments,25,44,52,40,18,,,,,600,27,,,,,,,,,,,,,,,,,,,
AscendantNomad,https://www.youtube.com/watch?v=YkVa7_QfHgs,Enyo-D,Legendary,Weapon,Submachine Gun,Kinetic,17,False,False,,False,,False,,,,Precision,,,Well-Rounded,Rampage,Hakke Breach Armaments,25,66,44,29,18,,,,,600,27,,,,,,,,,,,,,,,,,,,
AscendantNomad,https://www.youtube.com/watch?v=YkVa7_QfHgs,Lunulata-4B,Legendary,Weapon,Combat Bow,Kinetic,17,False,False,,False,,False,Stasis,,,Lightweight,Agile Bowstring,Straight Fletching,Well-Rounded,Headstone,Veist Stinger,68,,64,82,62,82,16,7,49,,,35,580,,,,,,,,,,,,,,,,,
AscendantNomad,https://www.youtube.com/watch?v=YkVa7_QfHgs,Smite of Merain,Legendary,Weapon,Pulse Rifle,Kinetic,18,False,False,,True,False,False,,,,Adaptive,,,Demolitionist,Adrenaline Junkie,Runneth Over,29,38,71,62,47,,,,,390,39,,,,,,,,,,,,,,,,,,,
AscendantNomad,https://www.youtube.com/watch?v=YkVa7_QfHgs,Smite of Merain,Legendary,Weapon,Pulse Rifle,Kinetic,18,False,False,,True,False,False,,,,Adaptive,,,Focused Fury,Vorpal Weapon,Runneth Over,29,48,65,48,47,,,,,390,39,,,,,,,,,,,,,,,,,,,
AscendantNomad,https://www.youtube.com/watch?v=YkVa7_QfHgs,Smite of Merain,Legendary,Weapon,Pulse Rifle,Kinetic,18,False,False,,True,False,False,,,,Adaptive,,,Well-Rounded,Swashbuckler,Runneth Over,29,53,50,48,47,,,,,390,45,,,,,,,,,,,,,,,,,,,
AscendantNomad,https://www.youtube.com/watch?v=YkVa7_QfHgs,Defiance of Yasmin,Legendary,Weapon,Sniper Rifle,Kinetic,18,False,False,,True,False,False,,,,Adaptive,Hammer-Forged Rifling,Extended Mag,Snapshot Sights,Vorpal Weapon,Runneth Over,70,64,46,47,22,68,40,14,52,90,5,,,,,,,,,,,,,,,,,,,
AscendantNomad,https://www.youtube.com/watch?v=YkVa7_QfHgs,Blood Feud,Legendary,Weapon,Submachine Gun,Kinetic,18,False,True,Handling,True,False,False,Stasis,,,Aggressive,,,Triple Tap,Frenzy,Right Hook,22,37,26,58,36,,,,,750,29,,,,,,,,,,,,,,,,,,,
AscendantNomad,https://www.youtube.com/watch?v=YkVa7_QfHgs,Whistler’s Whim,Legendary,Weapon,Combat Bow,Kinetic,18,False,False,,False,,False,,,,Lightweight,,,Cornered,Adrenaline Junkie,Alacrity,68,,63,71,60,,,,,,,63,620,,,,,,,,,,,,,,,,,
AscendantNomad,https://www.youtube.com/watch?v=YkVa7_QfHgs,Braytech Werewolf,Legendary,Weapon,Auto Rifle,Kinetic,18,False,False,,False,,False,,,,Precision,,,Dynamic Sway Reduction,Swashbuckler,Search Party,29,79,51,34,42,,,,,450,34,,,,,,,,,,,,,,,,,,,
AscendantNomad,https://www.youtube.com/watch?v=YkVa7_QfHgs,Pure Poetry,Legendary,Weapon,Hand Cannon,Kinetic,18,False,False,,False,,False,,,,Aggressive,,,Steady Hands,Opening Shot,Vanguard’s Vindication,92,63,31,31,36,,,,,120,7,,,,,,,,,,,,,,,,,,,
AscendantNomad,https://www.youtube.com/watch?v=YkVa7_QfHgs,Pure Poetry,Legendary,Weapon,Hand Cannon,Kinetic,18,False,True,Handling,False,,False,,,,Aggressive,,,Perpetual Motion,Multikill Clip,Hakke Breach Armaments,92,68,33,36,26,,,,,120,10,,,,,,,,,,,,,,,,,,,
AscendantNomad,https://www.youtube.com/watch?v=YkVa7_QfHgs,Rose,Legendary,Weapon,Hand Cannon,Kinetic,19,False,False,,False,,False,,,,Lightweight,,,Perpetual Motion,Eye of the Storm,,84,53,55,55,72,,,,,140,11,,,,,,,,,,,,,,,,,,,
AscendantNomad,https://www.youtube.com/watch?v=YkVa7_QfHgs,Stay Frosty,Legendary,Weapon,Pulse Rifle,Kinetic,19,False,False,,False,,False,Stasis,,,Lightweight,,,Encore,Desperado,Dawning Surprise,27,47,59,67,58,,,,,450,36,,,,,,,,,,,,,,,,,,,
AscendantNomad,https://www.youtube.com/watch?v=YkVa7_QfHgs,Stay Frosty,Legendary,Weapon,Pulse Rifle,Kinetic,19,False,False,,False,,False,Stasis,,,Lightweight,,,Killing Wind,Kill Clip,Dawning Surprise,27,48,52,67,57,,,,,450,36,,,,,,,,,,,,,,,,,,,
AscendantNomad,https://www.youtube.com/watch?v=YkVa7_QfHgs,Cold Front,Legendary,Weapon,Submachine Gun,Kinetic,19,False,True,Handling,False,,False,,,,Aggressive,,,Perpetual Motion,Rangefinder,Hakke Breach Armaments,22,57,14,63,19,,,,,750,26,,,,,,,,,,,,,,,,,,,
AscendantNomad,https://www.youtube.com/watch?v=YkVa7_QfHgs,Jararaca-3SR,Legendary,Weapon,Scout Rifle,Kinetic,19,False,False,,False,,False,Stasis,,,Rapid-Fire,Polygonal Rifling,Light Mag,Tunnel Vision,Kill Clip,Veist Stinger,45,29,53,19,43,64,20,14,57,260,16,,,,,,,,,,,,,,,,,,,
AscendantNomad,https://www.youtube.com/watch?v=YkVa7_QfHgs,Prolonged Engagement,Legendary,Weapon,Submachine Gun,Kinetic,19,False,False,,False,,False,Stasis,,,Lightweight,Chambered Compensator,Ricochet Rounds,Dynamic Sway Reduction,Multikill Clip,Vanguard’s Vindication,15,32,66,63,29,55,14,21,100,900,36,,,,,,,,,,,,,,,,,,,
AscendantNomad,https://www.youtube.com/watch?v=YkVa7_QfHgs,Waking Vigil,Legendary,Weapon,Hand Cannon,Energy,13,False,False,,False,,False,Arc,,,Adaptive,,,Rapid Hit,Snapshot Sights,,84,42,56,73,56,,,,,140,12,,,,,,,,,,,,,,,,,,,
AscendantNomad,https://www.youtube.com/watch?v=YkVa7_QfHgs,Vouchsafe,Legendary,Weapon,Scout Rifle,Energy,13,False,False,,False,,False,Void,,,Lightweight,,,Fourth Time’s the Charm,Wellspring,,60,34,47,63,65,,,,,200,16,,,,,,,,,,,,,,,,,,,
AscendantNomad,https://www.youtube.com/watch?v=YkVa7_QfHgs,The Long Goodbye,Legendary,Weapon,Sniper Rifle,Energy,4,True,True,Handling,False,,False,Arc,,,Adaptive,,,Snapshot Sights,Rapid Hit,,70,54,48,60,54,,,,,90,4,,,,,,,,,,,,,,,,,,,
AscendantNomad,https://www.youtube.com/watch?v=YkVa7_QfHgs,Gnawing Hunger,Legendary,Weapon,Auto Rifle,Energy,11,False,False,,False,,False,Void,,,Adaptive,Extended Barrel,Accurized Rounds,Tap the Trigger,Kill Clip,,21,68,43,53,63,65,16,10,64,600,51,,,,,,,,,,,,,,,,,,,
AscendantNomad,https://www.youtube.com/watch?v=YkVa7_QfHgs,Last Perdition,Legendary,Weapon,Pulse Rifle,Energy,11,False,True,Range,False,,False,Void,,,Adaptive,SLO-10 Post,Tactical Mag,Outlaw,Kill Clip,,29,60,64,43,52,60,20,10,78,390,42,,,,,,,,,,,,,,,,,,,
AscendantNomad,https://www.youtube.com/watch?v=YkVa7_QfHgs,Ancient Gospel,Legendary,Weapon,Hand Cannon,Energy,11,False,False,,False,,False,Solar,,,Adaptive,Fluted Barrel,Accurized Rounds,Eye of the Storm,Kill Clip,,84,52,63,61,43,74,14,10,100,140,10,,,,,,,,,,,,,,,,,,,
AscendantNomad,https://www.youtube.com/watch?v=YkVa7_QfHgs,Reckless Oracle,Legendary,Weapon,Auto Rifle,Energy,11,False,True,Handling,False,,False,Void,,,Rapid-Fire,Hammer-Forged Rifling,High-Caliber Rounds,Mulligan,Kill Clip,,18,41,56,52,55,75,16,10,74,720,50,,,,,,,,,,,,,,,,,,,
AscendantNomad,https://www.youtube.com/watch?v=YkVa7_QfHgs,Arc Logic,Legendary,Weapon,Auto Rifle,Energy,14,False,False,,False,,False,Arc,,,Adaptive,Corkscrew Rifling,Flared Magwell,Heating Up,Frenzy,,21,44,44,69,71,65,16,10,47,600,41,,,,,,,,,,,,,,,,,,,
AscendantNomad,https://www.youtube.com/watch?v=YkVa7_QfHgs,Point of the Stag,Legendary,Weapon,Combat Bow,Energy,10,False,True,Accuracy,False,,False,Arc,,,Precision,Elastic String,Natural Fletching,Archer’s Tempo,Vorpal Weapon,,76,,55,61,40,72,18,10,77,,,63,612,,,,,,,,,,,,,,,,,
AscendantNomad,https://www.youtube.com/watch?v=YkVa7_QfHgs,Seventh Seraph CQC-12,Legendary,Weapon,Shotgun,Energy,10,False,False,,False,,False,Solar,,,Lightweight,,,Slideshot,Snapshot Sights,,65,43,44,80,60,,,,,80,7,,,,,,,,,,,,,,,,,,,
AscendantNomad,https://www.youtube.com/watch?v=YkVa7_QfHgs,The Summoner,Legendary,Weapon,Auto Rifle,Energy,16,False,False,,False,,False,Solar,,,Adaptive,,,Perpetual Motion,Rampage,Alacrity,21,56,41,70,56,,,,,600,42,,,,,,,,,,,,,,,,,,,
AscendantNomad,https://www.youtube.com/watch?v=YkVa7_QfHgs,Felwinter’s Lie,Legendary,Weapon,Shotgun,Energy,10,False,True,Range,False,,False,Solar,,,Shot Package,Full Choke,Accurized Rounds,Surplus,Opening Shot,,80,41,19,26,34,,,,,55,4,,,,,,,,,,,,,,,,,,,
AscendantNomad,https://www.youtube.com/watch?v=YkVa7_QfHgs,Posterity,Legendary,Weapon,Hand Cannon,Energy,12,False,False,,True,False,False,Arc,,,Precision,Chambered Compensator,Accurized Rounds,Reconstruction,Recombination,Bray Inheritance,78,49,70,32,57,79,14,22,100,180,13,,,,,,,,,,,,,,,,,,,
AscendantNomad,https://www.youtube.com/watch?v=YkVa7_QfHgs,Posterity,Legendary,Weapon,Hand Cannon,Energy,12,False,True,Handling,True,False,False,Arc,,,Precision,,Accurized Rounds,Rapid Hit,Rampage,,78,59,60,46,57,79,14,22,100,180,13,,,,,,,,,,,,,,,,,,,
AscendantNomad,https://www.youtube.com/watch?v=YkVa7_QfHgs,Trustee,Legendary,Weapon,Scout Rifle,Energy,12,False,True,Range,True,False,False,Solar,,,Rapid-Fire,,,Under Pressure,High-Impact Reserves,,45,55,43,30,31,,,,,260,17,,,,,,,,,,,,,,,,,,,
AscendantNomad,https://www.youtube.com/watch?v=YkVa7_QfHgs,Stars in Shadow,Legendary,Weapon,Pulse Rifle,Energy,12,False,False,,False,,False,Solar,,,High-Impact,,,Field Prep,Kill Clip,One Quiet Moment,33,63,58,18,44,,,,,340,30,,,,,,,,,,,,,,,,,,,
AscendantNomad,https://www.youtube.com/watch?v=YkVa7_QfHgs,The Summoner (Adept),Legendary,Weapon,Auto Rifle,Energy,16,False,False,,False,,False,Solar,,,Adaptive,,,Moving Target,Rampage,Alacrity,21,45,51,81,56,,,,,600,42,,,,,,,,,,,,,,,,,,,
AscendantNomad,https://www.youtube.com/watch?v=YkVa7_QfHgs,Arctic Haze,Legendary,Weapon,Auto Rifle,Energy,12,False,False,,False,,False,Solar,,,Rapid-Fire,,,Mulligan,Thresh,,18,24,48,52,52,,,,,720,50,,,,,,,,,,,,,,,,,,,
AscendantNomad,https://www.youtube.com/watch?v=YkVa7_QfHgs,Cloudstrike,Exotic,Weapon,Sniper Rifle,Energy,12,False,False,,False,,False,Arc,Mortal Polarity,,,Fluted Barrel,Alloy Magazine,Stormbringer,Hand-Laid Stock,,55,60,64,61,40,,,,,140,7,,,,,,,,,,,,,,,,,,,
AscendantNomad,https://www.youtube.com/watch?v=YkVa7_QfHgs,Truthteller,Legendary,Weapon,Grenade Launcher,Energy,11,False,True,Blast Radius,False,,False,Void,,,Lightweight,,Blinding Grenades,Feeding Frenzy,Swashbuckler,,,,23,69,71,,,,,90,1,,,,,0,79,,,,,,,,,,,,,
AscendantNomad,https://www.youtube.com/watch?v=YkVa7_QfHgs,The Fool’s Remedy,Legendary,Weapon,Sidearm,Energy,11,False,False,,False,,False,Solar,,,Rapid-Fire,,High-Caliber Rounds,Moving Target,Kill Clip,,35,35,63,62,44,,,,,450,16,,,,,,,,,,,,,,,,,,,
AscendantNomad,https://www.youtube.com/watch?v=YkVa7_QfHgs,Death Adder,Legendary,Weapon,Submachine Gun,Energy,11,False,False,,False,,False,Solar,,,Lightweight,,,Feeding Frenzy,Moving Target,,15,36,47,60,43,,,,,900,37,,,,,,,,,,,,,,,,,,,
AscendantNomad,https://www.youtube.com/watch?v=YkVa7_QfHgs,Ikelos_SG_V1.0.2,Legendary,Weapon,Shotgun,Energy,11,False,True,Reload Speed,False,,False,Solar,,,Rapid-Fire,Fluted Barrel,,Moving Target,Trench Barrel,,65,39,37,59,81,72,12,2,69,140,7,,,,,,,,,,,,,,,,,,,
AscendantNomad,https://www.youtube.com/watch?v=YkVa7_QfHgs,Ikelos_SR_V1.0.2,Legendary,Weapon,Sniper Rifle,Energy,11,False,False,,False,,False,Solar,,,Rapid-Fire,,,Moving Target,Quickdraw,,55,36,54,62,72,,,,,140,6,,,,,,,,,,,,,,,,,,,
AscendantNomad,https://www.youtube.com/watch?v=YkVa7_QfHgs,Ikelos_SR_V1.0.2,Legendary,Weapon,Sniper Rifle,Energy,11,False,False,,False,,False,Solar,,,Rapid-Fire,,Accurized Rounds,Fourth Time’s the Charm,High-Impact Reserves,,55,54,39,67,57,73,45,2,57,140,6,,,,,,,,,,,,,,,,,,,
AscendantNomad,https://www.youtube.com/watch?v=YkVa7_QfHgs,"First In, Last Out",Legendary,Weapon,Shotgun,Energy,11,False,False,,False,,False,Arc,,,Pinpoint Slug,,,Hip-Fire Grip,Opening Shot,,70,78,41,50,45,,,,,65,6,,,,,,,,,,,,,,,,,,,
AscendantNomad,https://www.youtube.com/watch?v=YkVa7_QfHgs,"First In, Last Out",Legendary,Weapon,Shotgun,Energy,11,False,True,Stability,False,,False,Arc,,,Pinpoint Slug,,,Slideshot,Opening Shot,,70,78,50,50,45,27,12,17,68,65,6,,,,,,,,,,,,,,,,,,,
AscendantNomad,https://www.youtube.com/watch?v=YkVa7_QfHgs,Imperial Needle,Legendary,Weapon,Combat Bow,Energy,13,False,False,,False,,False,Void,,,Lightweight,,,Archer’s Tempo,Swashbuckler,,68,,63,68,60,,,,,,,32,580,,,,,,,,,,,,,,,,,
AscendantNomad,https://www.youtube.com/watch?v=YkVa7_QfHgs,Brass Attacks,Legendary,Weapon,Sidearm,Energy,13,False,False,,False,,False,Void,,,Aggressive Burst,Arrowhead Brake,Ricochet Rounds,Threat Detector,Rampage,,56,53,48,46,27,89,14,38,95,325,24,,,,,,,,,,,,,,,,,,,
AscendantNomad,https://www.youtube.com/watch?v=YkVa7_QfHgs,The Palindrome,Legendary,Weapon,Hand Cannon,Energy,13,False,True,Stability,False,,False,Void,,,Adaptive,,,Overflow,Rangefinder,,84,65,68,50,42,,,,,140,10,,,,,,,,,,,,,,,,,,,
AscendantNomad,https://www.youtube.com/watch?v=YkVa7_QfHgs,The Palindrome (Adept),Legendary,Weapon,Hand Cannon,Energy,13,False,True,Handling,False,,False,Void,,,Adaptive,Fluted Barrel,Light Mag,Bottomless Grief,Rampage,,84,58,66,75,55,79,14,21,98,140,13,,,,,,,,,,,,,,,,,,,
AscendantNomad,https://www.youtube.com/watch?v=YkVa7_QfHgs,Bottom Dollar,Legendary,Weapon,Hand Cannon,Energy,13,False,False,,False,,False,Void,,,Aggressive,Fluted Barrel,Accurized Rounds,Rapid Hit,Unrelenting,Gun and Run,92,70,33,50,25,66,14,10,85,120,8,,,,,,,,,,,,,,,,,,,
AscendantNomad,https://www.youtube.com/watch?v=YkVa7_QfHgs,The Third Axiom,Legendary,Weapon,Pulse Rifle,Energy,13,False,False,,False,,False,Arc,,,Adaptive,Hammer-Forged Rifling,High-Caliber Rounds,Killing Wind,Multikill Clip,,29,65,55,47,46,66,18,10,74,390,36,,,,,,,,,,,,,,,,,,,
AscendantNomad,https://www.youtube.com/watch?v=YkVa7_QfHgs,Retrofuturist,Legendary,Weapon,Shotgun,Energy,13,False,True,Reload Speed,False,,False,Void,,,Lightweight,,,Hip-Fire Grip,Swashbuckler,,65,55,36,50,76,,,,,80,7,,,,,,,,,,,,,,,,,,,
AscendantNomad,https://www.youtube.com/watch?v=YkVa7_QfHgs,Eternal Blazon,Legendary,Weapon,Scout Rifle,Energy,13,False,False,,False,,False,Arc,,,Lightweight,,,Rapid Hit,One for All,,60,48,38,65,67,,,,,200,15,,,,,,,,,,,,,,,,,,,
AscendantNomad,https://www.youtube.com/watch?v=YkVa7_QfHgs,Eternal Blazon,Legendary,Weapon,Scout Rifle,Energy,13,False,False,,False,,False,Arc,,,Lightweight,,,Rapid Hit,Kill Clip,,60,47,44,68,63,,,,,200,18,,,,,,,,,,,,,,,,,,,
AscendantNomad,https://www.youtube.com/watch?v=YkVa7_QfHgs,Gridskipper,Legendary,Weapon,Pulse Rifle,Energy,14,False,False,,False,,False,Void,,,Rapid-Fire,Fluted Barrel,Ricochet Rounds,Heating Up,Frenzy,,23,44,62,42,35,80,18,10,55,540,36,,,,,,,,,,,,,,,,,,,
AscendantNomad,https://www.youtube.com/watch?v=YkVa7_QfHgs,Gridskipper,Legendary,Weapon,Pulse Rifle,Energy,14,False,True,Range,False,,False,Void,,,Rapid-Fire,,,Firmly Planted,Multikill Clip,,23,43,52,37,50,,,,,540,36,,,,,,,,,,,,,,,,,,,
AscendantNomad,https://www.youtube.com/watch?v=YkVa7_QfHgs,Vision of Confluence,Legendary,Weapon,Scout Rifle,Energy,14,False,False,,False,,False,Solar,,,Precision,,,Wellspring,Kill Clip,,62,51,55,40,47,,,,,180,15,,,,,,,,,,,,,,,,,,,
AscendantNomad,https://www.youtube.com/watch?v=YkVa7_QfHgs,Finite Impactor,Legendary,Weapon,Hand Cannon,Energy,14,False,True,Range,False,,False,Arc,,,Adaptive,,,Slideshot,Iron Grip,,84,56,76,45,10,,,,,140,10,,,,,,,,,,,,,,,,,,,
AscendantNomad,https://www.youtube.com/watch?v=YkVa7_QfHgs,Borrowed Time,Legendary,Weapon,Submachine Gun,Energy,14,False,False,,False,,False,Solar,,,Aggressive,,Appended Mag,Rangefinder,One for All,,22,53,18,52,22,38,15,27,82,750,27,,,,,,,,,,,,,,,,,,,
AscendantNomad,https://www.youtube.com/watch?v=YkVa7_QfHgs,Borrowed Time,Legendary,Weapon,Submachine Gun,Energy,14,False,True,Handling,False,,False,Solar,,,Aggressive,Polygonal Rifling,Flared Magwell,Threat Detector,Rampage,,22,37,33,62,37,38,15,12,82,750,25,,,,,,,,,,,,,,,,,,,
AscendantNomad,https://www.youtube.com/watch?v=YkVa7_QfHgs,Empty Vessel,Legendary,Weapon,Grenade Launcher,Energy,14,False,False,,False,,False,Solar,,,Lightweight,,Blinding Grenades,Surplus,Swashbuckler,Vanguard’s Vindication,,,39,64,66,,,,,90,1,,,,,0,62,,,,,,,,,,,,,
AscendantNomad,https://www.youtube.com/watch?v=YkVa7_QfHgs,Empty Vessel,Legendary,Weapon,Grenade Launcher,Energy,14,False,False,,False,,False,Solar,,,Lightweight,,,Auto-Loading Holster,Vorpal Weapon,,,,39,66,65,,,,,90,1,,,,,100,77,,,,,,,,,,,,,
AscendantNomad,https://www.youtube.com/watch?v=YkVa7_QfHgs,Empty Vessel,Legendary,Weapon,Grenade Launcher,Energy,14,False,False,,False,,False,Solar,,,Lightweight,,Blinding Grenades,Ambitious Assassin,Swashbuckler,,,,34,74,65,,,,,90,1,,,,,0,74,,,,,,,,,,,,,
AscendantNomad,https://www.youtube.com/watch?v=YkVa7_QfHgs,Compass Rose,Legendary,Weapon,Shotgun,Energy,17,False,False,,False,,False,Solar,,,Precision,,,Fragile Focus,Incandescent,Dream Work,70,68,51,40,58,,,,,65,6,,,,,,,,,,,,,,,,,,,
AscendantNomad,https://www.youtube.com/watch?v=YkVa7_QfHgs,Compass Rose,Legendary,Weapon,Shotgun,Energy,17,False,False,,False,,False,Solar,,,Precision,,,Surplus,Adagio,Dream Work,70,67,61,41,48,,,,,70,5,,,,,,,,,,,,,,,,,,,
AscendantNomad,https://www.youtube.com/watch?v=YkVa7_QfHgs,Iota Draconis,Legendary,Weapon,Fusion Rifle,Energy,15,False,True,Charge Time,False,,False,Solar,,,High-Impact,,Projection Fuse,Under Pressure,High-Impact Reserves,,90,66,24,22,17,59,15,4,73,,5,,,920,,,,,,,,,,,,,,,,
AscendantNomad,https://www.youtube.com/watch?v=YkVa7_QfHgs,Chrysura Melo,Legendary,Weapon,Auto Rifle,Energy,15,False,False,,False,,False,Solar,,,High-Impact,,,Fourth Time’s the Charm,Demolitionist,,33,78,30,37,30,,,,,360,36,,,,,,,,,,,,,,,,,,,
AscendantNomad,https://www.youtube.com/watch?v=YkVa7_QfHgs,Chrysura Melo,Legendary,Weapon,Auto Rifle,Energy,15,False,False,,False,,False,Solar,,,High-Impact,,,Heating Up,Frenzy,,33,71,40,40,30,,,,,360,32,,,,,,,,,,,,,,,,,,,
AscendantNomad,https://www.youtube.com/watch?v=YkVa7_QfHgs,Forge’s Pledge,Legendary,Weapon,Pulse Rifle,Energy,15,False,True,Stability,False,,False,Solar,,,Adaptive,,,Heating Up,Multikill Clip,,29,55,69,39,42,,,,,390,36,,,,,,,,,,,,,,,,,,,
AscendantNomad,https://www.youtube.com/watch?v=YkVa7_QfHgs,Punching Out,Legendary,Weapon,Sidearm,Energy,15,False,False,,False,,False,Solar,,,Rapid-Fire,,,Feeding Frenzy,Unrelenting,Vanguard’s Vindication,35,36,74,52,43,,,,,450,16,,,,,,,,,,,,,,,,,,,
AscendantNomad,https://www.youtube.com/watch?v=YkVa7_QfHgs,Punching Out,Legendary,Weapon,Sidearm,Energy,15,False,False,,False,,False,Solar,,,Rapid-Fire,,,Moving Target,Adrenaline Junkie,,35,31,71,57,43,,,,,450,16,,,,,,,,,,,,,,,,,,,
